location,minutes,setTimeout,setInterval,focus
main,60,3600978.5249999845,3600977.180000016,false
worker,60,3600977.180000016,3600000.8000000087,false
main,30,1800001.2699999788,1800000.5800000217,false
worker,30,1800897.6649999968,1800896.550000005,false
main,15,900412.8750000091,900411.5849999944,false
worker,15,900001.1800000211,900000.3399999987,false
main,10,600511.5100000112,600510.2950000146,false
worker,10,600001.0100000072,600000.3599999764,false
